scene,eval_index,source,nerfacto_png_mse,nerfacto_png_psnr_db,splatfacto_png_mse,splatfacto_png_psnr_db
bonsai,0,data/processed/canonical/bonsai/images_2/frame_eval_00000.png,0.01189320630290805,19.24701047656891,0.005201187407882969,22.838974975531613
bonsai,1,data/processed/canonical/bonsai/images_2/frame_eval_00001.png,0.010059477110312574,19.974245932371282,0.0021395157516909003,26.696845117753945
bonsai,2,data/processed/canonical/bonsai/images_2/frame_eval_00002.png,0.012329585040175296,19.090515396082154,0.0006738681719577593,31.714250556768903
bonsai,3,data/processed/canonical/bonsai/images_2/frame_eval_00003.png,0.013341425072124737,18.7479777852256,0.0006755586985340552,31.70336909644321
bonsai,4,data/processed/canonical/bonsai/images_2/frame_eval_00004.png,0.009555931060360257,20.197269920545505,0.00042010398846362894,33.76643195254384
bonsai,5,data/processed/canonical/bonsai/images_2/frame_eval_00005.png,0.01165128417374896,19.336262052098753,0.00033315924415124623,34.773481318835294
bonsai,6,data/processed/canonical/bonsai/images_2/frame_eval_00006.png,0.01188091910060854,19.25149961300717,0.0005906011251015567,32.28705730034448
bonsai,7,data/processed/canonical/bonsai/images_2/frame_eval_00007.png,0.00852931179338451,20.69086009441301,0.00039530045109620223,34.03072690062596
bonsai,8,data/processed/canonical/bonsai/images_2/frame_eval_00008.png,0.011818262921260566,19.27446352486113,0.000470051949386416,33.27854141883236
bonsai,9,data/processed/canonical/bonsai/images_2/frame_eval_00009.png,0.013552954783600525,18.679660105963958,0.0035237983569068143,24.52988951278215
bonsai,10,data/processed/canonical/bonsai/images_2/frame_eval_00010.png,0.008298214607680317,20.810153376769517,0.0006847182918198737,31.644880700729118
bonsai,11,data/processed/canonical/bonsai/images_2/frame_eval_00011.png,0.009433170499979835,20.253423158282956,0.0014123412089871172,28.50060368950835
bonsai,12,data/processed/canonical/bonsai/images_2/frame_eval_00012.png,0.010198268299765062,19.914735666404898,0.001799630976362904,27.448165400965472
bonsai,13,data/processed/canonical/bonsai/images_2/frame_eval_00013.png,0.0106594053403566,19.722670227583535,0.0007932131189603108,31.00610111606226
bonsai,14,data/processed/canonical/bonsai/images_2/frame_eval_00014.png,0.009640011804254535,20.159224343005437,0.000559139818846933,32.524795785878226
bonsai,15,data/processed/canonical/bonsai/images_2/frame_eval_00015.png,0.011942553950875614,19.2290278810074,0.0019692164795414597,27.057065384568823
bonsai,16,data/processed/canonical/bonsai/images_2/frame_eval_00016.png,0.008709499383206904,20.60006807260892,0.0013443491068203894,28.714879370277885
bonsai,17,data/processed/canonical/bonsai/images_2/frame_eval_00017.png,0.007018396985672317,21.537620701743656,0.0005570653052049045,32.54093889157271
bonsai,18,data/processed/canonical/bonsai/images_2/frame_eval_00018.png,0.00769266467929671,21.139231979021716,0.0005893923507933466,32.29595504776893
bonsai,19,data/processed/canonical/bonsai/images_2/frame_eval_00019.png,0.007359939199424817,21.33125773361328,0.000616261245623954,32.10235142574158
bonsai,20,data/processed/canonical/bonsai/images_2/frame_eval_00020.png,0.005463073026962787,22.625629940680657,0.0003749159752896979,34.26066053757309
bonsai,21,data/processed/canonical/bonsai/images_2/frame_eval_00021.png,0.007378626024356033,21.32024500723537,0.0004095413737803845,33.87702217232354
bonsai,22,data/processed/canonical/bonsai/images_2/frame_eval_00022.png,0.0057813536132229415,22.37970466436202,0.0004555266255271961,33.41486233440501
bonsai,23,data/processed/canonical/bonsai/images_2/frame_eval_00023.png,0.006911607593591836,21.604209268913497,0.0005795908758443451,32.36878459987687
bonsai,24,data/processed/canonical/bonsai/images_2/frame_eval_00024.png,0.00566195513875179,22.470335759934756,0.0005302788750853494,32.754956736858944
bonsai,25,data/processed/canonical/bonsai/images_2/frame_eval_00025.png,0.00659937090348951,21.804974623619096,0.0007784036756177298,31.087951219987886
bonsai,26,data/processed/canonical/bonsai/images_2/frame_eval_00026.png,0.005354635055294608,22.71270123127678,0.00032640769235006955,34.86239614912593
bonsai,27,data/processed/canonical/bonsai/images_2/frame_eval_00027.png,0.007084852345576605,21.496691963931642,0.0005217187950276026,32.825635174471785
bonsai,28,data/processed/canonical/bonsai/images_2/frame_eval_00028.png,0.009097632618132175,20.410716048922396,0.0006561547580176862,31.829937175961646
bonsai,29,data/processed/canonical/bonsai/images_2/frame_eval_00029.png,0.008257062245929684,20.831744414593274,0.0005265739033583936,32.78540668033378
bonsai,30,data/processed/canonical/bonsai/images_2/frame_eval_00030.png,0.008726213039912351,20.59174188446501,0.00038754437171561925,34.11678565962764
bonsai,31,data/processed/canonical/bonsai/images_2/frame_eval_00031.png,0.008688715964816823,20.610443996845724,0.0006805091426392858,31.671660356757542
bonsai,32,data/processed/canonical/bonsai/images_2/frame_eval_00032.png,0.006783686139995748,21.685342537379512,0.0005359079374255104,32.70909810497774
bonsai,33,data/processed/canonical/bonsai/images_2/frame_eval_00033.png,0.008082309999641034,20.924644960671458,0.00037531917995900006,34.255992412423524
bonsai,34,data/processed/canonical/bonsai/images_2/frame_eval_00034.png,0.010833582561951313,19.652279025990815,0.0008261268936263981,30.82953239641952
bonsai,35,data/processed/canonical/bonsai/images_2/frame_eval_00035.png,0.007594384762952619,21.195074034835418,0.0006827130292031292,31.657618087976157
bonsai,36,data/processed/canonical/bonsai/images_2/frame_eval_00036.png,0.009044283210208299,20.436258467352445,0.0008673705252515554,30.617953400130556
custom:tea_sets_2,0,data/processed/canonical/custom-tea_sets_2/images_2/frame_eval_00000.png,0.004591407335316547,23.38054176274958,0.000493076428739297,33.07085758193127
custom:tea_sets_2,1,data/processed/canonical/custom-tea_sets_2/images_2/frame_eval_00001.png,0.0027433856604077394,25.617131357371846,0.0006517644397930354,31.8590933829087
custom:tea_sets_2,2,data/processed/canonical/custom-tea_sets_2/images_2/frame_eval_00002.png,0.006425766321852173,21.92075071964615,0.000639629642393901,31.940714179248687
custom:tea_sets_2,3,data/processed/canonical/custom-tea_sets_2/images_2/frame_eval_00003.png,0.006169042607801883,22.097822301986625,0.0017792730704998217,27.49757394293613
custom:tea_sets_2,4,data/processed/canonical/custom-tea_sets_2/images_2/frame_eval_00004.png,0.007123311263070516,21.473180781346578,0.0006371599765412138,31.957515123957236
custom:tea_sets_2,5,data/processed/canonical/custom-tea_sets_2/images_2/frame_eval_00005.png,0.00508991447479383,22.932895149986354,0.0006947593852301168,31.581655777983478
custom:tea_sets_2,6,data/processed/canonical/custom-tea_sets_2/images_2/frame_eval_00006.png,0.005911674555153678,22.28289482392542,0.0008456874869069233,30.727900953369357
custom:tea_sets_2,7,data/processed/canonical/custom-tea_sets_2/images_2/frame_eval_00007.png,0.006842462440239089,21.64787577847934,0.0011355475596061722,29.447946717111094
custom:tea_sets_2,8,data/processed/canonical/custom-tea_sets_2/images_2/frame_eval_00008.png,0.007196004375290951,21.42908581268101,0.0005561110876655439,32.548384459337825
custom:tea_sets_2,9,data/processed/canonical/custom-tea_sets_2/images_2/frame_eval_00009.png,0.006177078606473476,22.092168720085166,0.001285237922196127,28.910164686499744
custom:tea_sets_2,10,data/processed/canonical/custom-tea_sets_2/images_2/frame_eval_00010.png,0.011996558387503391,19.209433279268794,0.0009219971214588897,30.352704348427608
custom:tea_sets_2,11,data/processed/canonical/custom-tea_sets_2/images_2/frame_eval_00011.png,0.011351318238577483,19.449537005416897,0.0014515857730025867,28.381572969724104
custom:tea_sets_2,12,data/processed/canonical/custom-tea_sets_2/images_2/frame_eval_00012.png,0.00785690339848236,21.047485865221493,0.0010235787591922423,29.89878734958859
custom:tea_sets_2,13,data/processed/canonical/custom-tea_sets_2/images_2/frame_eval_00013.png,0.008588055097945763,20.6610517794596,0.0025980433130064766,25.853536129077533
custom:tea_sets_2,14,data/processed/canonical/custom-tea_sets_2/images_2/frame_eval_00014.png,0.007801355413345902,21.07829936104681,0.0005364496077285312,32.70471067944634
garden,0,data/processed/canonical/garden/images_2/frame_eval_00000.png,0.010121645436633308,19.947488801877398,0.0043283952018350145,23.636730930631153
garden,1,data/processed/canonical/garden/images_2/frame_eval_00001.png,0.00703382196200311,21.528086286119358,0.005078650026181685,22.942517137189352
garden,2,data/processed/canonical/garden/images_2/frame_eval_00002.png,0.00918706322844181,20.368232946545856,0.0021082734187683996,26.760730668171043
garden,3,data/processed/canonical/garden/images_2/frame_eval_00003.png,0.009958266500277828,20.01816255440417,0.004559642888000807,23.41069170020635
garden,4,data/processed/canonical/garden/images_2/frame_eval_00004.png,0.012899127332430213,18.894396701294266,0.00839728546546204,20.758610827356193
garden,5,data/processed/canonical/garden/images_2/frame_eval_00005.png,0.004980918337243826,23.026905785195968,0.00233736912677238,26.312726966529926
garden,6,data/processed/canonical/garden/images_2/frame_eval_00006.png,0.0061716973982312556,22.09595375787775,0.0014908578198585393,28.265637723720715
garden,7,data/processed/canonical/garden/images_2/frame_eval_00007.png,0.007728622837066657,21.118978861006482,0.0017370417328273246,27.601897474027005
garden,8,data/processed/canonical/garden/images_2/frame_eval_00008.png,0.0075262573111407076,21.234209379031782,0.002651325886045415,25.765368879542585
garden,9,data/processed/canonical/garden/images_2/frame_eval_00009.png,0.006194109438805703,22.08021125706783,0.002238128585154228,26.501149659673054
garden,10,data/processed/canonical/garden/images_2/frame_eval_00010.png,0.005701093944193224,22.440418025130455,0.0021325842161337965,26.710938094546872
garden,11,data/processed/canonical/garden/images_2/frame_eval_00011.png,0.008323339976704477,20.797023657309563,0.0018073386857264037,27.429604553199024
garden,12,data/processed/canonical/garden/images_2/frame_eval_00012.png,0.007445856190785891,21.280853559971945,0.002585959196805896,25.87378332024011
garden,13,data/processed/canonical/garden/images_2/frame_eval_00013.png,0.004191063350564467,23.776757744816805,0.0014165320621608378,28.48773591096284
garden,14,data/processed/canonical/garden/images_2/frame_eval_00014.png,0.005547674110604055,22.5588905879618,0.0013998882322982036,28.539066372030657
garden,15,data/processed/canonical/garden/images_2/frame_eval_00015.png,0.008341496880585293,20.78756008277638,0.0035864150443735963,24.45339452350291
garden,16,data/processed/canonical/garden/images_2/frame_eval_00016.png,0.006266190955087668,22.029963746191328,0.0025198269471811965,25.986292840061328
garden,17,data/processed/canonical/garden/images_2/frame_eval_00017.png,0.004246845472398855,23.719335411532857,0.0012640713658116835,28.98228406351668
garden,18,data/processed/canonical/garden/images_2/frame_eval_00018.png,0.008166722694012704,20.87952190891813,0.0022524047350522217,26.473535683471496
garden,19,data/processed/canonical/garden/images_2/frame_eval_00019.png,0.011089067148118668,19.55104986715097,0.0016594321800678582,27.800404922304686
garden,20,data/processed/canonical/garden/images_2/frame_eval_00020.png,0.0061224550082986644,22.130743976641575,0.0016546227547167094,27.813010074594157
garden,21,data/processed/canonical/garden/images_2/frame_eval_00021.png,0.007157057490246407,21.452654942298892,0.0029863753914219126,25.248556017764024
garden,22,data/processed/canonical/garden/images_2/frame_eval_00022.png,0.008987146132406214,20.463781965555295,0.002437218808302184,26.131054790333987
garden,23,data/processed/canonical/garden/images_2/frame_eval_00023.png,0.005696880567786632,22.44362885211553,0.0016412018264993762,27.848380083769758
room,0,data/processed/canonical/room/images_2/frame_eval_00000.png,0.0070450467126382185,21.52116122927406,0.0010387404510699282,29.834929555704797
room,1,data/processed/canonical/room/images_2/frame_eval_00001.png,0.004877646666573626,23.11789662881482,0.000447723075158041,33.489905219767174
room,2,data/processed/canonical/room/images_2/frame_eval_00002.png,0.004567592376061823,23.403126606129234,0.0004653681178698025,33.32203373321538
room,3,data/processed/canonical/room/images_2/frame_eval_00003.png,0.0030878958267984242,25.10337359440491,0.0003544695394164857,34.50421079047111
room,4,data/processed/canonical/room/images_2/frame_eval_00004.png,0.004818661233236057,23.170736048686955,0.00044080272245395073,33.55755731889763
room,5,data/processed/canonical/room/images_2/frame_eval_00005.png,0.005260851194331656,22.78943982254278,0.0008268725956108581,30.82561401312814
room,6,data/processed/canonical/room/images_2/frame_eval_00006.png,0.003605551540519166,24.430282919202583,0.0004915186153729106,33.08460029407354
room,7,data/processed/canonical/room/images_2/frame_eval_00007.png,0.004355212451946823,23.609906547877294,0.00035451127031686075,34.503699535454615
room,8,data/processed/canonical/room/images_2/frame_eval_00008.png,0.004775232075462853,23.210055169297227,0.0007301719958883614,31.365748274591155
room,9,data/processed/canonical/room/images_2/frame_eval_00009.png,0.004296229270110974,23.669125503794515,0.00040453385691139064,33.930451248441344
room,10,data/processed/canonical/room/images_2/frame_eval_00010.png,0.0029577669600164697,25.290360466899887,0.0004180642310873051,33.78756988407324
room,11,data/processed/canonical/room/images_2/frame_eval_00011.png,0.0036929509120487876,24.326264650996375,0.0002694633344502739,35.69500320381615
room,12,data/processed/canonical/room/images_2/frame_eval_00012.png,0.003788180788410002,24.21569302758712,0.00037247099950383524,34.289075356559735
room,13,data/processed/canonical/room/images_2/frame_eval_00013.png,0.008541517290252404,20.684649756513288,0.0005128958133295904,32.89970845982555
room,14,data/processed/canonical/room/images_2/frame_eval_00014.png,0.006497477171263321,21.87255237707948,0.000736434007669787,31.328661644886232
room,15,data/processed/canonical/room/images_2/frame_eval_00015.png,0.003621598288339458,24.41099723771503,0.0005386918971276665,32.686595569567515
room,16,data/processed/canonical/room/images_2/frame_eval_00016.png,0.006586214834579869,21.813641072179692,0.0005767932404091255,32.3897983786945
room,17,data/processed/canonical/room/images_2/frame_eval_00017.png,0.0040076588511285035,23.97109254550537,0.00036090106329393125,34.426118384115185
room,18,data/processed/canonical/room/images_2/frame_eval_00018.png,0.0040818894066924055,23.891387660858655,0.000614058922914186,32.117899535026574
room,19,data/processed/canonical/room/images_2/frame_eval_00019.png,0.003769810386630604,24.23680493324964,0.0009001386012464201,30.45690613758431
room,20,data/processed/canonical/room/images_2/frame_eval_00020.png,0.004126953800724967,23.843703928144954,0.0006858552141799711,31.637675553125803
room,21,data/processed/canonical/room/images_2/frame_eval_00021.png,0.004150679162699916,23.818808352203998,0.0009832591731795605,30.073319932094122
room,22,data/processed/canonical/room/images_2/frame_eval_00022.png,0.0038923214678358415,24.09791298428924,0.000358198123333224,34.45876693830818
room,23,data/processed/canonical/room/images_2/frame_eval_00023.png,0.006386796318867768,21.947169336936323,0.001586681121854037,27.995103454154425
room,24,data/processed/canonical/room/images_2/frame_eval_00024.png,0.005189638693922173,22.848628769681035,0.0008527348122490563,30.691860069134307
room,25,data/processed/canonical/room/images_2/frame_eval_00025.png,0.0037768855053157057,24.228661804261886,0.0006793448614951573,31.679097052142406
room,26,data/processed/canonical/room/images_2/frame_eval_00026.png,0.011642500730207108,19.339537261566736,0.000767801352153921,31.147511273938292
room,27,data/processed/canonical/room/images_2/frame_eval_00027.png,0.0046153352983494015,23.35796742539842,0.0006816201088271884,31.664576057063453
room,28,data/processed/canonical/room/images_2/frame_eval_00028.png,0.012965452094253486,18.872123351525232,0.000790039058420577,31.0235143727005
room,29,data/processed/canonical/room/images_2/frame_eval_00029.png,0.016687884452824136,17.775987159689947,0.001176278765831451,29.294897427875483
room,30,data/processed/canonical/room/images_2/frame_eval_00030.png,0.00272398385998404,25.647954700120557,0.0008704489257167617,30.602567063733204
room,31,data/processed/canonical/room/images_2/frame_eval_00031.png,0.003819016393920035,24.180484773235328,0.0006230776768208204,32.05457808057073
room,32,data/processed/canonical/room/images_2/frame_eval_00032.png,0.008004328865447136,20.966750762683475,0.0011044190479569003,29.568661116749013
room,33,data/processed/canonical/room/images_2/frame_eval_00033.png,0.00424755377646221,23.718611140073683,0.0008464772891432128,30.723846894535633
room,34,data/processed/canonical/room/images_2/frame_eval_00034.png,0.00928249859992017,20.32335107606462,0.0038935299230043003,24.09656483265069
room,35,data/processed/canonical/room/images_2/frame_eval_00035.png,0.008429554464379485,20.7419537896658,0.0007560439663083298,31.21452948189416
room,36,data/processed/canonical/room/images_2/frame_eval_00036.png,0.009041505699067136,20.437592396193004,0.004109818212017488,23.86177387677149
room,37,data/processed/canonical/room/images_2/frame_eval_00037.png,0.003098484837887299,25.08850624683898,0.0004378829706634848,33.586419442590916
room,38,data/processed/canonical/room/images_2/frame_eval_00038.png,0.004629741914248299,23.34443218127159,0.000849388123919602,30.708938155754318
