image,source_frame,seconds,overlap_previous
frame_0001.jpg,0,0.0,
frame_0002.jpg,23,0.766691,0.9390382893880208
frame_0003.jpg,46,1.533382,0.9208354783710527
frame_0004.jpg,68,2.266739,0.96872802734375
frame_0005.jpg,91,3.03343,0.9497060627131131
frame_0006.jpg,114,3.800122,0.9560816887840778
frame_0007.jpg,137,4.566813,0.9804494900173611
frame_0008.jpg,159,5.30017,0.9729073079427083
frame_0009.jpg,182,6.066861,0.9663950602213541
frame_0010.jpg,205,6.833552,0.9706999001436445
frame_0011.jpg,228,7.600243,0.9403234904659313
frame_0012.jpg,250,8.3336,0.9868712022569445
frame_0013.jpg,273,9.100291,0.9918372260199653
frame_0014.jpg,296,9.866983,0.9318248155381944
frame_0015.jpg,319,10.633674,0.9013953949840688
frame_0016.jpg,342,11.400365,0.9653627028762138
frame_0017.jpg,364,12.133722,0.9743695190514637
frame_0018.jpg,387,12.900413,0.9721858055797877
frame_0019.jpg,410,13.667104,0.9025112750965335
frame_0020.jpg,433,14.433796,0.9358170097624761
frame_0021.jpg,455,15.167152,0.9824636501736111
frame_0022.jpg,478,15.933844,0.9374213574815761
frame_0023.jpg,501,16.700535,0.9365755842811638
frame_0024.jpg,524,17.467226,0.9357714904182004
frame_0025.jpg,547,18.233917,0.8821941735036982
frame_0026.jpg,569,18.967274,0.9173633038854062
frame_0027.jpg,592,19.733965,0.9412680055095838
frame_0028.jpg,615,20.500657,0.9680779203189938
frame_0029.jpg,638,21.267348,0.9886430862367149
frame_0030.jpg,660,22.000705,0.9563707817925348
frame_0031.jpg,683,22.767396,0.9508027100536842
frame_0032.jpg,706,23.534087,0.9772043863932292
frame_0033.jpg,729,24.300778,0.9032863996768244
frame_0034.jpg,751,25.034135,0.9612438614540592
frame_0035.jpg,774,25.800826,0.9751472981770833
frame_0036.jpg,797,26.567518,0.9522336985996154
frame_0037.jpg,820,27.334209,0.862753485603537
frame_0038.jpg,843,28.1009,0.9534618462456598
frame_0039.jpg,865,28.834257,0.9785791015625
frame_0040.jpg,888,29.600948,0.9304034976055419
frame_0041.jpg,911,30.367639,0.9578559027777778
frame_0042.jpg,934,31.134331,0.8637783605652518
frame_0043.jpg,956,31.867687,0.9196326539365576
frame_0044.jpg,979,32.634379,0.8757875590937825
frame_0045.jpg,1002,33.40107,0.8222018221853409
frame_0046.jpg,1025,34.167761,0.9524768374391671
frame_0047.jpg,1048,34.934452,0.7996589455762816
frame_0048.jpg,1070,35.667809,0.875757574146243
frame_0049.jpg,1093,36.4345,0.9500495902494112
frame_0050.jpg,1116,37.201192,0.8114788053829908
frame_0051.jpg,1139,37.967883,0.891201819073055
frame_0052.jpg,1161,38.70124,0.9215347624950588
frame_0053.jpg,1184,39.467931,0.7896967437464102
frame_0054.jpg,1207,40.234622,0.9791482204861112
frame_0055.jpg,1230,41.001313,0.5959458394494744
frame_0056.jpg,1252,41.73467,0.8836172929420427
frame_0057.jpg,1275,42.501361,0.7046905800656449
frame_0058.jpg,1298,43.268053,0.834313728133852
frame_0059.jpg,1321,44.034744,0.9234975857204861
frame_0060.jpg,1344,44.801435,0.7810284336913744
frame_0061.jpg,1366,45.534792,0.9393239461828479
frame_0062.jpg,1389,46.301483,0.92922907655611
frame_0063.jpg,1412,47.068174,0.8929456479066538
frame_0064.jpg,1435,47.834865,0.9777458661395175
frame_0065.jpg,1457,48.568222,0.9393266050170884
frame_0066.jpg,1480,49.334914,0.8338384427804327
frame_0067.jpg,1503,50.101605,0.9527306843485949
frame_0068.jpg,1526,50.868296,0.7489664196984507
frame_0069.jpg,1549,51.634987,0.9214028266044464
frame_0070.jpg,1571,52.368344,0.9620684579417998
frame_0071.jpg,1594,53.135035,0.8334986900513748
frame_0072.jpg,1617,53.901726,0.9680286801946199
frame_0073.jpg,1640,54.668418,0.7805164233689061
frame_0074.jpg,1662,55.401775,0.9244993760850695
frame_0075.jpg,1685,56.168466,0.8511754375524301
frame_0076.jpg,1708,56.935157,0.6276794799337286
frame_0077.jpg,1731,57.701848,0.46764895717309374
frame_0078.jpg,1753,58.435205,0.8546168325653666
frame_0079.jpg,1776,59.201896,0.9069769287109375
frame_0080.jpg,1799,59.968587,0.8088576931423611
